ID,Sand %,Clay %,Silt %,pH,N,P,K
1,42,38,20,5.16,14.46,18.61,147
2,54,26,20,6.07,14.59,32.74,180
3,28,36,36,6.92,14.91,19.02,183
4,58,20,22,7.7,4.21,6.28,116
5,33.2,41.2,25.6,7.61,6.11,6.55,228
6,29.2,46.8,24,6.5,6.02,14.31,231
7,37.2,34.8,28,6.47,35.56,14.45,183
8,26.8,47.2,26,5.7,4.78,12.1,270
9,29.2,44.8,26,6.06,3.51,10.02,210
10,31.2,32.8,36,7.55,9.03,4.89,159
11,29.6,44.8,25.6,7.5,6.7,5.58,375
12,43.2,26.8,30,6.63,5.68,14.17,126
13,47.2,28.8,24,6.88,4.35,5.58,150
14,51.6,20.8,27.6,7.79,4.21,2.67,104
15,42,24,34,7.95,2.91,15.07,169
16,18,38,44,7.85,2.55,16.53,334
17,22,42,36,7.76,1.06,15.97,245
18,32,36,32,7.79,2.16,14.12,287
19,32,18,50,7.76,11.36,37,164
20,32,22,46,7.44,2.69,8.13,129
21,42,20,38,7.89,9.2,10.17,151
22,28,42,30,7.75,2.47,7.78,282
23,14,58,28,7.53,4.05,10.74,517
24,26,38,36,8.03,3.39,1.69,255
25,14,58,28,7.21,2.29,8.55,402
26,42,36,22,7.15,2.16,46.89,477
27,24,52,24,7.73,0.88,8.38,364
28,34,40,26,5.92,1.14,7.08,168
29,18,44,38,7.69,1.23,4.08,347
30,26,28,46,7.6,0.48,3.28,374
31,36,22,42,8.01,2.86,3.18,154
32,32,22,46,7.95,2.77,4.02,196
33,34,40,26,6.15,8.72,11.97,197
34,36,36,28,5.69,1.45,8.1,148
35,40,28,32,7.86,5.81,7.27,210
36,52,16,32,8.07,8.28,7.18,246
37,26,42,32,7.81,6.56,4.65,273
38,40,26,34,7.8,4.27,7.76,184
39,30,44,26,6.62,3.7,8.63,156
40,16,44,40,7.22,3.08,7.86,221
41,34,30,36,7.84,14.4,59.29,1208
42,14,40,46,8.05,3.83,3.28,97
43,12,54,34,7.8,3.96,4.14,274
44,18,44,38,7.79,4.49,14.16,361
45,22,32,46,7.96,4.98,14.39,694
46,22,38,40,7.88,4.58,11.04,795
47,26,34,40,7.89,4.4,9.78,570
48,38,28,34,8.12,5.06,7.87,306
49,14,34,52,7.93,5.5,20.09,392
50,16,52,32,7.79,7.88,6.29,332
51,34,30,36,6.17,3.65,56.84,228
52,36,28,36,6.69,2.86,56.86,160
53,30,28,42,5.11,1.89,16.66,74
54,28,34,38,5.34,4.36,11.94,89
55,10,34,56,7.79,4.67,3.01,160
56,26,30,44,7.99,8.98,3.19,174
57,24,30,46,8.08,6.74,2.61,128
58,10,48,42,7.84,10,2.19,330
59,16,32,52,7.9,8.85,3.68,317
60,34,24,42,7.98,9.03,3.89,249
61,22,24,54,7.97,10.7,2.34,146
62,14,44,42,7.84,11.27,12.09,518
63,36,24,40,6.4,3.79,4.94,100
64,48,18,34,5.89,3.3,8.29,80
65,48,16,36,5.54,3.39,8.06,118
66,30,26,44,6.21,3.35,4.75,119
67,38,24,38,6.18,0.84,18.49,196
68,32,32,36,6.99,2.51,6.3,205
69,30,28,42,7.67,14.05,8.55,549
70,30,26,44,7.83,8.06,4.66,180
71,24,34,42,7.83,4.54,2.74,203
72,20,32,48,7.85,3.52,4.88,237
73,62,22,16,7.37,7.27,4.29,115
74,48,24,28,8.16,5.11,5.46,266
75,26,42,32,7.77,7.22,9.08,303
76,24,50,26,8.02,19.81,4.1,221
77,28,50,22,8.12,1.63,2.95,269
78,38,34,28,6.34,5.59,8.28,150
79,48,22,30,7.63,1.94,5.85,138
80,40,22,38,8.02,3.48,2.84,146
81,38,26,36,7.95,3.87,8.43,114
82,34,32,34,7.14,4.01,9.05,169
83,42,26,32,7.83,2.73,6.19,112
84,46,24,30,7.52,0.18,4.4,127
85,36,26,38,8.09,3.83,4.84,126
86,42,22,36,8.02,6.16,9.11,98
87,44,24,32,7.97,0.66,9.42,94
88,42,26,32,7.63,0.31,10.12,151
89,34,28,38,8.14,12.81,4.01,103
90,44,24,32,7.44,4.89,6.71,202
91,34,36,30,6.7,1.36,9.87,189
92,34,32,34,7.23,2.69,9.69,227
93,30,26,44,7.87,6.34,7.65,333
94,16,40,44,7.89,5.5,9.3,698
95,44,20,36,8.07,7.79,20.42,465
96,14,42,44,7.93,6.34,5.3,334
97,40,20,40,8.12,2.47,4.46,117
98,18,40,42,7.84,0.18,4.28,400
99,38,28,34,7.88,8.76,10.76,161
100,10,58,32,7.89,6.78,6.29,407
101,34,30,36,5.58,1.5,9,130
102,42,28,30,7.82,5.72,3.58,156
103,22,44,34,7.05,15.41,9.77,302
104,20,38,42,7.15,10.22,14.71,463
105,28,38,34,6.36,5.15,30.19,297
106,28,36,36,7.5,9.51,28.01,728
107,34,24,42,7.38,4.32,18.32,450
108,16,44,40,7.52,11.4,16.35,319
109,30,30,40,7.6,12.02,15.54,299
110,10,38,52,7.89,17.22,12.17,688
111,24,38,38,7.85,20.47,10.86,1091
112,14,44,42,7.43,6.47,34.41,386
113,16,48,36,7.57,6.52,10.11,498
114,36,32,32,7.58,8.1,20.09,268
115,20,44,36,7.51,57.77,6.13,325
116,18,44,38,7.67,13.21,12.85,781
117,24,24,52,7.69,11.18,14.39,481
118,40,22,38,7.01,4.62,13.17,231
119,28,32,40,7.37,16.29,33.91,376
120,32,30,38,7.38,11.36,41.73,286
121,54,10,36,7,13.39,5.67,91
122,26,42,32,7.17,2.42,15.09,235
123,22,48,30,5.56,2.38,13.87,267
124,26,42,32,5.29,4.32,17.54,166
125,32,36,32,5.87,2.25,4.36,160
126,22,52,26,6.25,7,19.82,289
127,22,52,26,6.45,6.78,16.79,220
128,26,48,26,6.54,6.21,13.4,185
129,22,40,38,7.5,8.15,9.31,376
130,24,44,32,7.38,9.11,10.56,409
131,46,28,26,8,5.28,7.16,205
132,44,30,26,7.57,5.2,16.47,236
133,42,30,28,7.83,4.32,10.18,439
134,40,22,38,7.85,35.48,80.66,831
135,48,28,24,7.69,8.28,15.96,382
136,34,38,28,7.99,3.08,16.05,364
137,30,44,26,7.94,7.13,8.66,358
138,20,42,38,7.95,5.86,7.32,469
139,34,24,42,5.79,5.55,14.59,133
140,36,22,42,6.78,6.65,26.77,116
141,56,22,22,7.71,9.42,13.34,160
142,48,32,20,6.77,2.42,13.55,207
143,34,24,42,7.07,7.18,15,142
144,32,36,32,5.59,3.61,22.99,219
145,22,38,40,7.93,6.87,10.24,193
146,16,44,40,7.8,14.05,22.26,479
147,22,32,46,8.01,8.32,16.49,363
148,38,20,42,8.15,3.87,10.72,102
149,36,20,44,7.99,5.94,9.49,174
150,30,30,40,8.04,3.87,3.86,282
151,28,28,44,7.95,12.9,18.02,1190
152,10,32,58,7.98,9.91,22.46,427
153,10,40,50,7.96,12.81,15.46,536
154,16,24,60,8.1,9.42,17.76,347
155,22,28,50,8.13,3.48,3.74,140
156,26,30,44,8.1,6.87,12.06,248
157,22,46,32,7.89,5.2,17.96,748
158,24,36,40,8,10.52,13.36,972
159,38,24,38,7.96,12.55,7.18,561
160,28,26,46,8.06,13.39,8.25,243
161,30,34,36,8.05,7.44,13.24,214
162,26,24,50,8.16,10.88,8.22,138
163,28,16,56,8.14,8.01,7.42,72
164,24,52,24,5.75,6.69,16.61,180
165,28,28,44,7.96,7.57,10.97,248
166,16,50,34,7.88,9.95,6.61,517
167,14,48,38,8.2,7.93,7.42,313
168,26,52,22,6.3,11.71,21.74,243
169,30,46,24,5.85,4.84,23.57,179
170,30,46,24,6.28,4.58,25.28,258
171,24,50,26,6.65,9.2,8.56,216
172,18,56,26,6.88,6.65,8.02,235
173,58,12,30,7.95,12.02,11.23,67
174,26,56,18,6.69,5.59,9.09,265
175,20,52,28,7.94,10.61,5.54,501
176,30,44,26,8.02,6.96,11.74,422
177,34,44,22,7.94,20.12,142.1,1420
178,20,56,24,8.03,10.44,12.19,488
179,24,50,26,7.9,11.67,5.28,560
180,24,56,20,7.05,11.49,1.71,298
181,26,54,20,6.8,6.74,7.02,182
182,30,50,20,6.65,7.22,4.41,215
183,20,58,22,6.6,11.8,5.08,317
184,22,56,22,6.29,8.98,1.59,218
185,30,50,20,6.88,19.68,4.37,148
186,28,48,24,6.69,7,4.14,222
187,38,40,22,6.87,7.22,4.86,217
188,28,54,18,6.83,6.3,7.95,214
189,40,34,26,7.13,4.32,7.54,165
190,36,40,24,7.82,4.62,7.39,198
191,34,44,22,7.77,4.8,6,163
192,30,50,20,7.38,4.18,11.18,218
193,28,50,22,6.99,23.56,6.2,211
194,40,40,20,6.97,12.95,5.52,252
195,36,38,26,7.52,5.64,3.01,168
196,40,38,22,7.33,11.85,2.55,155
197,40,38,22,7.44,4.8,5.58,183
198,52,30,18,7.89,4.01,4.33,185
199,40,36,24,7.2,4.49,1.07,147
200,26,40,34,7.13,16.03,63.96,521
201,30,38,32,7.4,13.87,14.69,304
202,34,34,32,7.39,8.06,8.2,174
203,22,38,40,7.77,9.07,4.05,212
204,34,36,30,7.73,5.24,3.38,282
205,26,40,34,7.71,17.44,3.75,183
206,36,30,34,7.79,10.35,14.23,326
207,16,52,32,7.48,5.86,22.63,467
208,20,44,36,7.7,5.86,8.25,262
209,24,36,40,7.99,4.93,8.35,186
210,30,36,34,7.71,7.93,8.32,273
211,20,34,46,7.81,4.58,7.11,260
212,20,34,46,7.82,7.57,16.86,481
213,16,46,38,8.08,8.54,18.56,327
214,44,32,24,8.02,14.05,4.29,187
215,28,42,30,8.01,17.08,4.75,201
216,40,32,28,7.98,14.75,33.11,209
217,28,44,28,8.1,8.63,3.58,213
218,38,28,34,8.09,6.56,3.07,123
219,36,32,32,7.98,1.98,3.73,206
220,24,36,40,8.02,2.6,15.18,362
221,44,28,28,8.02,3.13,3.62,143
222,28,32,40,7.87,30.43,7.31,171
223,22,48,30,7.38,4.4,5.9,256
224,26,46,28,7.49,4.36,10.99,284
225,18,38,44,7.84,11.62,11.61,174
226,28,28,44,7.84,6.08,7.16,136
227,46,22,32,7.6,4.05,23.73,131
228,36,26,38,7.45,4.62,17.07,138
229,22,34,44,7.83,4.05,5.31,161
230,22,50,28,7.7,2.29,18.48,335
231,26,36,38,7.8,5.46,7.95,188
232,20,38,42,7.91,9.47,7.1,198
233,26,38,36,8.08,6.34,10.93,203
234,18,44,38,7.8,7,8.45,339
235,30,36,34,7.86,3.48,16.55,370
236,22,36,42,7.8,13.96,10.57,231
237,24,34,42,7.93,6.43,9.39,289
238,24,28,48,7.85,7.27,19.4,664
239,12,40,48,7.74,6.52,31.72,1348
240,22,46,32,7.78,10.52,26.76,420
241,24,46,30,7.44,6.25,9.15,251
242,38,26,36,6.32,5.42,5.21,120
243,40,20,40,7.09,5.42,9.74,139
244,24,36,40,7.77,10.52,20.48,405
245,26,36,38,7.82,26.64,65.05,1665
246,20,48,32,7.28,10.79,7.99,293
247,16,46,38,7.78,9.33,25.21,450
248,12,38,50,7.97,6.69,5.86,272
249,30,26,44,7.83,5.28,5,376
250,30,26,44,7.78,4.67,2.36,128
251,26,32,42,7.94,4.54,1.65,185
252,20,24,56,7.95,14.35,16.06,165
253,20,32,48,7.84,5.72,6.72,239
254,20,40,40,7.73,13.08,12.12,373
255,22,38,40,7.54,4.71,7.36,346
256,28,34,38,7.81,12.11,2.25,245
257,28,34,38,7.84,23.86,11.2,735
258,24,30,46,7.93,6.74,6.27,260
259,14,36,50,7.84,6.78,9.47,395
260,20,40,40,7.79,19.15,6.03,190
261,16,36,48,7.8,46.67,5.22,136
262,28,34,38,7.57,4.89,4.04,166
263,22,44,34,7.8,7.13,6.8,277
264,16,40,44,7.81,2.91,28.18,425
265,16,42,42,7.84,3.96,3.12,204
266,20,36,44,7.75,34.52,7.46,161
267,26,38,36,7.55,17.04,59.88,899
268,28,32,40,7.9,16.64,4.7,203
269,32,30,38,7.95,10.26,4.28,175
270,24,40,36,7.96,7.27,7.67,315
271,28,32,40,7.77,61.25,66.24,762
272,28,32,40,7.72,16.38,7.31,282
273,26,36,38,7.8,9.29,12.86,285
274,20,32,48,7.83,19.46,14.42,547
275,32,30,38,8.08,23.78,53.7,984
276,20,54,26,7.76,8.1,4.55,345
277,14,52,34,7.84,52.44,12.92,425
278,28,42,30,7.73,7.53,10.4,507
279,20,52,28,7.57,18.58,4.1,507
280,16,48,36,7.58,14.49,6.6,190
281,22,30,48,7.6,20.04,10.29,280
282,36,24,40,6.78,13.83,24.84,332
283,44,14,42,5.65,47.91,69.93,508
284,40,14,46,6.2,18.01,25.8,166
285,42,28,30,6.26,4.23,10.38,133
286,40,6,54,6.7,9.29,36.42,252
287,48,22,30,5.91,20.61,33.51,173
288,38,20,42,5.62,8.19,9.71,81
289,42,20,38,6.83,9.95,72.41,530
290,44,12,44,7.16,6.78,45.66,300
291,46,16,38,7.37,8.81,58.84,218
292,42,18,40,6.66,11.89,51.02,340
293,42,16,42,6.14,14,25.94,255
294,36,14,50,6.55,28.27,38.29,282
295,22,42,36,7.56,12.55,17.26,274
296,20,44,36,7.43,14.27,8.78,228
297,24,36,40,6.42,10.48,26.76,252
298,24,34,42,6.99,10.92,28.79,292
299,30,32,38,6.41,7.88,11.49,141
300,18,46,36,7.62,24.61,18.06,307
301,18,36,46,7.54,12.86,9.83,127
302,28,30,42,7.65,11.58,8.83,454
303,28,32,40,7.64,9.6,13.87,403
304,18,38,44,7.62,20.92,22.88,713
305,12,44,44,7.65,17.79,20.63,1052
306,18,44,38,7.72,2.95,20.67,335
307,30,38,32,7.86,2.73,14.46,388
308,20,40,40,7.77,7.49,4.26,433
309,20,28,52,7.67,10.7,13.08,347
310,24,36,40,7.83,3.87,12.26,219
311,10,42,48,7.93,6.47,8.84,541
312,10,36,54,7.77,12.29,21.44,693
313,16,32,52,7.87,5.95,6.35,233
314,16,42,42,7.87,6.08,19.65,298
315,20,30,50,7.88,5.64,22,295
316,16,28,56,7.86,27.74,87.33,1297
317,22,44,34,7.73,10.39,14.02,340
318,10,24,66,7.92,12.15,9.6,207
319,14,22,64,8.14,18.4,11.04,163
320,10,22,68,8.02,7.31,9.38,164
321,20,56,24,6.37,79.08,34.71,346
322,30,18,52,7.88,11.62,11.99,144
323,40,12,48,7.47,102.81,8.68,109
324,40,32,28,7.66,2.73,10.25,199
325,22,40,38,7.78,7.22,10.11,257
326,40,28,32,7.91,7.13,4.13,146
327,20,54,26,7.9,7.97,4.79,256
328,24,44,32,7.83,5.02,17.41,284
329,36,34,30,6.76,7.57,15,140
330,44,26,30,5.76,1.37,31.35,218
331,40,22,38,5.75,1.89,6.35,90
332,44,24,32,7.82,5.55,15.82,317
333,36,36,28,7.68,7.04,14.87,259
334,22,42,36,7.81,11.54,73.08,926
335,30,30,40,8.01,23.12,9.43,311
336,22,46,32,7.99,37.25,5.13,222
337,30,28,42,8.03,24.13,8.1,305
338,30,32,38,6.24,17.13,6.78,148
339,32,48,20,6.64,5.15,8.69,185
340,36,32,32,6.34,2.78,13.6,110
341,36,32,32,7.54,23.69,13.13,97
342,20,50,30,5.7,3.04,29.67,239
343,16,36,48,7.82,24,14.49,319
344,28,42,30,5.2,26.29,40.67,249
345,34,34,32,7.8,27.04,11.03,353
346,40,26,34,8.06,19.15,3.54,151
347,22,34,44,7.89,21.71,5.55,361
348,30,38,32,7.71,73.53,98.24,571
349,42,18,40,8.15,21,11.71,188
350,18,40,42,8.04,18.36,5.41,259
351,18,44,38,8.04,17.35,6.57,300
352,24,24,52,8.16,19.42,4.18,136
353,24,22,54,7.97,23.03,5.47,197
354,34,34,32,7.8,45.62,16.8,330
355,42,22,36,7.82,32.23,31.81,269
356,48,20,32,8.03,21.75,6.43,173
357,22,50,28,6.25,18.27,7.32,222
358,16,64,20,7.44,3.35,27.81,219
359,38,32,30,4.63,39.58,11.16,122
360,38,28,34,4.55,25.45,21.5,106
361,34,36,30,7.59,1.72,8.74,123
362,18,46,36,7.13,15.01,10.77,335
363,22,30,48,7.55,5.06,14.17,141
364,44,22,34,5.5,3.04,16.18,71
365,44,22,34,6.08,22.06,9.57,180
366,48,20,32,4.82,11.62,23.82,139
367,48,28,24,6.46,19.42,29.3,213
368,38,20,42,4.97,17.17,14.96,123
369,48,16,36,6.41,7.57,5.72,136
370,32,40,28,5.97,6.08,7.59,132
371,34,38,28,5.92,4.09,10.12,149
372,46,30,24,6.36,13.34,18.52,283
373,32,38,30,7.43,63.62,79.08,406
374,34,36,30,7.58,74.15,58.22,658
375,32,42,26,7.24,20.91,16.85,791
376,24,46,30,6.63,17.13,9.7,512
377,38,34,28,7.66,5.15,4.55,302
378,24,50,26,7.53,8.01,6.69,213
379,34,32,34,7.2,19.29,7.24,290
380,28,46,26,7.43,5.94,9.22,634
381,34,36,30,7.68,0.79,3.12,138
382,54,28,18,7.45,15.41,6.91,225
383,16,50,34,7.6,13.17,3.68,473
384,20,58,22,7.67,0.35,3.69,273
385,22,50,28,7.54,9.25,2.44,709
386,18,44,38,7.6,4.67,3.36,380
387,18,52,30,7.54,2.6,3,501
388,24,50,26,7.51,8.45,3.73,529
389,24,46,30,7.61,7.79,6.26,428
390,26,42,32,7.7,3.83,9.85,361
391,30,40,30,7.72,14.53,8.12,373
392,44,28,28,7.6,10.57,13.87,283
393,16,56,28,6.81,0.92,14.71,254
394,24,50,26,6.46,5.5,16.04,491
395,48,18,34,7.24,8.72,23.26,171
396,44,28,28,6.06,17.39,27.88,211
397,30,46,24,5.71,12.59,25.21,415
398,18,48,34,7.48,8.01,7.24,370
399,42,26,32,6.43,3.74,12.29,171
400,28,44,28,7.58,9.73,4.64,338
401,18,56,26,6.64,13.17,13.75,411
402,20,50,30,7.16,5.2,7.96,192
403,34,30,36,7.73,12.55,5.55,277
404,32,28,40,7.66,0.31,5.32,117
405,24,44,32,7.53,14.75,6.07,172
406,34,38,28,7.66,7.4,5.62,242
407,24,38,38,7.69,7.09,4.41,291
408,36,30,34,7.64,0.84,4.79,124
409,24,42,34,7.7,6.47,3.82,194
410,24,54,22,7.52,7.97,3.7,325
411,46,28,26,7.51,4.27,3.84,120
412,42,22,36,7.66,8.23,3.11,165
413,28,44,28,6.18,12.72,9.61,264
414,36,40,24,5.9,3.74,12.07,142
415,28,44,28,7.51,6.43,4.51,437
416,34,38,28,7.69,3.13,7.18,247
417,26,42,32,7.67,11.89,2.96,182
418,22,52,26,7.48,10,3.99,246
419,42,22,36,7.81,3.79,3.87,118
420,24,46,30,6.98,5.37,8.73,185
421,52,26,22,6.15,3.74,7.52,122
422,42,30,28,7.28,10.48,7.46,169
423,30,32,38,7.69,7.93,8.28,267
424,40,28,32,7.71,12.15,3.96,123
425,28,28,44,7.68,12.59,4.34,193
426,22,34,44,7.71,14.49,3.21,140
427,24,30,46,7.75,11.01,7.75,124
428,18,56,26,6.89,5.72,9.24,297
429,20,54,26,7.64,10.35,14.85,354
430,36,30,34,7.64,9.33,5.55,210
431,30,44,26,7.64,4.76,4.66,300
432,22,52,26,7.48,10.04,2.44,406
433,26,48,26,6.42,1.94,7.39,328
434,30,40,30,7.74,5.68,4.52,355
435,28,44,28,7.49,5.64,5.2,253
436,24,46,30,7.12,7.49,3.73,335
437,28,28,44,7.78,6.16,5.96,133
438,36,26,38,7.7,14.66,3.98,165
439,32,42,26,7,13.56,6,212
440,32,36,32,7.61,5.55,4.63,207
441,40,32,28,7.05,10.39,10.26,251
442,20,50,30,7.29,19.55,4.85,312
443,30,38,32,7.55,8.54,8.69,248
444,40,34,26,7.63,17.08,5.01,295
445,26,50,24,7.58,7.93,6.44,530
446,26,46,28,7.37,11.1,7.64,283
447,54,22,24,4.78,11.58,21.09,122
448,42,36,22,6.65,12.86,13.59,174
449,36,32,32,7.82,8.94,3.12,182
450,34,34,32,7.31,21.93,10.93,261
451,28,36,36,7.8,2.99,1.21,243
452,24,40,36,7.63,20.39,4,207
453,26,38,36,7.55,9.6,14.64,301
454,26,38,36,7.73,3.3,3.76,198
455,40,32,28,7.75,20.47,50.94,385
456,38,36,26,7.55,12.77,61.24,334
457,30,42,28,7.64,7.4,2.64,302
458,26,46,28,7.62,8.41,2.57,363
459,44,40,16,7.69,7.93,3.77,356
460,24,46,30,7.65,4.62,2.78,341
461,22,46,32,7.68,8.81,4.94,354
462,42,36,22,7.66,3.92,3.1,348
463,22,62,16,7.62,3.43,9.39,321
464,30,46,24,6.99,6.3,11.42,234
465,42,32,26,7.59,9.2,10.59,244
466,30,42,28,7.56,3.48,3.89,335
467,24,40,36,7.62,7.13,5.32,162
468,20,40,40,7.75,13.96,3.67,197
469,32,30,38,7.66,3.43,3.97,146
470,28,44,28,7.62,4.09,3.15,260
471,24,50,26,7.66,10.17,4.33,284
472,16,58,26,6.77,11.84,6.99,363
473,24,48,28,7.5,12.46,9.58,363
474,26,36,38,7.69,9.64,5.42,187
475,18,54,28,6.91,4.58,12.3,361
476,62,20,18,6.66,13.21,25.51,139
477,38,40,22,6.8,8.67,12.71,215
478,44,34,22,6.56,11.84,11.92,192
479,40,30,30,7.64,1.72,8.71,211
480,24,40,36,7.6,15.54,7.49,341
481,20,56,24,7.52,7.09,5.7,449
482,24,42,34,7.5,5.94,8,320
483,24,46,30,7.55,8.23,4.75,340
484,26,44,30,7.41,6.21,8.55,386
485,30,42,28,7.53,3.08,13.96,381
486,24,46,30,7.64,7.35,71.69,596
487,22,48,30,7.63,11.98,8.07,352
488,38,34,28,7.66,9.47,21.48,306
489,22,48,30,7.59,25.41,8.55,417
490,24,42,34,7.64,22.19,8.21,319
491,22,46,32,7.54,10.96,10.61,328
492,30,40,30,7.44,29.9,7.38,314
493,26,50,24,6.36,33.02,20.31,386
494,30,56,14,7.17,25.23,10.35,161
495,22,54,24,7.46,12.72,2.82,248
496,38,32,30,7.66,9.29,3.53,165
497,28,46,26,7.61,9.11,3.93,116
498,36,30,34,7.56,16.82,4.36,276
499,28,44,28,7.53,15.28,7.47,160
500,34,40,26,7.48,18.14,3.98,206
501,40,28,32,5.99,12.11,13.91,154
502,42,32,26,7.45,8.19,8.29,162
503,44,22,34,6.81,10.39,33.93,163
504,34,36,30,7.59,12.9,9.81,357
505,52,20,28,6.72,3.96,10.61,120
506,38,28,34,7.66,9.07,6.91,207
507,34,36,30,7.32,11.49,16.51,285
508,40,24,36,7.64,17.83,9.13,158
509,40,26,34,7.66,17.13,7.18,120
510,20,58,22,6.7,10.3,3.44,333
511,22,46,32,6.98,1.98,9.69,142
512,26,48,26,6.94,7.57,7.91,155
513,30,42,28,6.66,12.55,20.41,203
514,24,46,30,6.3,10.7,12.81,114
515,16,54,30,6.2,26.86,38.93,300
516,14,60,26,6.35,10.44,32.05,655
517,26,56,18,7.36,20.61,5.73,473
518,40,28,32,7.65,9.2,5.69,187
519,34,36,30,7.66,12.9,10.93,229
520,38,30,32,7.62,31.17,8.6,231
521,46,18,36,7.81,6.16,14.73,414
522,30,46,24,7.24,12.06,7.27,581
523,30,48,22,7.18,7.62,40.66,373
524,48,28,24,7.69,5.15,6.18,486
525,26,50,24,7.48,7.27,8.38,207
526,34,38,28,7.61,13.39,6.28,88
527,20,54,26,6.67,5.86,5.71,304
528,34,30,36,5.16,20.83,13.18,59
529,28,44,28,7.12,14,5.89,202
530,22,56,22,6.24,8.63,11.85,338
531,28,40,32,5.15,22.5,23.67,767
532,28,46,26,6.74,14.35,26.31,305
533,32,40,28,5.84,23.12,22.13,80
534,28,50,22,6.54,2.33,43.46,344
535,20,44,36,7.24,2.11,6.37,315
536,36,34,30,5.08,5.94,24.78,161
537,24,46,30,6.89,9.91,31.92,266
538,32,46,22,7.25,24,20.04,288
539,24,50,26,6.88,52.18,11.65,315
540,40,28,32,7.6,1.59,5.66,201
541,20,32,48,7.74,2.82,6.33,244
542,16,32,52,7.66,1.67,7.31,221
543,16,42,42,6.91,3.74,18.8,408
544,42,24,34,5.88,7.44,11.27,157
545,20,22,58,7.56,11.18,20.87,303
546,32,22,46,7.69,10,15.26,180
547,22,46,32,7.58,17.26,39.43,489
548,28,22,50,7.74,1.36,4.45,214
549,34,32,34,7.68,0.88,8.07,272
550,48,14,38,7.82,3.87,11.68,263
551,26,22,52,7.71,0.88,5.75,166
552,52,14,34,7.78,1.63,22.71,94
553,52,14,34,7.72,5.11,22.05,107
554,46,18,36,7.67,10.7,8.86,136
555,48,18,34,7.7,19.37,13.7,162
556,38,26,36,7.74,0.26,25.11,255
557,40,16,44,7.78,20.03,10.81,202
558,46,12,42,7.83,24.26,12.73,122
559,28,28,44,7.74,5.2,14.28,177
560,26,54,20,7.7,16.6,19.63,486
561,32,42,26,7.62,8.06,15.15,360
562,28,24,48,7.84,14.27,12.39,114
563,32,32,36,7.65,14.31,8.6,118
564,26,52,22,7.74,17.83,9.08,327
565,26,44,30,7.72,23.73,4.46,226
566,32,38,30,6.93,11.23,20.68,332
567,44,34,22,5.61,14.27,20.77,271
568,26,50,24,5.61,16.78,23.3,319
569,44,38,18,7.58,4.05,20.85,275
570,38,32,30,7.62,7.57,7.73,289
571,36,38,26,7.66,6.08,7.73,282
572,54,18,28,7.63,14.62,12.19,195
573,30,38,32,7.57,10.88,7.85,469
574,32,38,30,7.08,16.38,12.41,296
575,24,44,32,7.62,27.78,5.35,319
576,24,44,32,7.54,17.3,22.18,587
577,42,34,24,7.6,10.74,7.31,257
578,28,44,28,5.72,10,22.82,273
579,24,46,30,6.49,12.81,20.23,385
580,40,30,30,7.04,9.11,17.72,356
581,32,30,38,7.46,21.75,11.73,345
582,30,40,30,7.63,11.4,16.67,288
583,40,30,30,7.64,17.3,13.02,184
584,40,34,26,7.57,9.47,8.23,229
585,30,32,38,7.69,17.17,14.11,268
586,30,42,28,7.65,16.25,8.71,264
587,24,42,34,7.36,21.05,6.72,363
588,38,34,28,5.31,12.2,8.7,155
589,62,14,24,7.43,23.64,12.05,157
590,30,36,34,6.7,9.25,24.69,152
591,40,26,34,5.22,26.64,17.96,87
592,28,46,26,5.8,11.23,13.51,216
593,44,30,26,5.37,7.71,21.2,152
594,50,16,34,5.57,5.99,18.92,138
595,54,16,30,6.01,7.66,12.04,118
596,68,10,22,7.06,3.87,16.01,92
597,66,10,24,5.47,8.63,19.66,86
598,40,22,38,7.48,45.57,152.42,764
599,40,28,32,7.53,6.03,11.84,316
600,26,44,30,7.21,7.53,19.24,426
601,50,32,18,7.02,6.96,25.03,251
602,44,32,24,7.15,6.78,9.75,132
603,38,34,28,5.4,7.35,8.46,202
604,54,20,26,7.5,7.75,5.85,161
605,48,28,24,7.49,6.56,28.41,251
606,28,44,28,6.38,8.1,18.39,237
607,48,20,32,7.51,16.6,7.54,241
608,28,40,32,5.27,3.21,12.34,204
609,48,22,30,4.94,3.74,11.79,94
610,34,28,38,7.26,10.66,8.8,268
611,40,30,30,5.12,7.57,9.64,176
612,38,40,22,5.26,13.78,20.2,261
613,32,36,32,5.72,14.53,20.15,299
614,18,52,30,7.26,17.35,3.66,409
615,18,52,30,6.15,14.88,10.71,551
616,26,40,34,5.78,8.89,17.7,405
617,36,32,32,5.87,22.98,18.58,259
618,28,44,28,6.4,6.21,14.52,339
619,26,40,34,7.15,29.41,29.5,538
620,18,56,26,7.57,32.23,8.07,349
621,26,48,26,5.55,2.82,23.75,438
622,34,26,40,6.83,12.42,80.14,674
623,46,18,36,6.04,5.28,8.33,182
624,22,50,28,4.88,4.76,15.24,325
625,28,42,30,4.8,1.72,14.43,325
626,26,44,30,4.67,5.37,11.83,314
627,14,50,36,7.08,4.54,6.95,657
628,22,48,30,4.77,9.38,8.49,296
629,26,46,28,4.7,3.04,11.05,344
630,24,46,30,4.9,5.11,11.11,273
631,30,38,32,4.66,5.77,14.21,219
632,48,24,28,6.05,0.97,11.25,152
633,40,22,38,6.3,3.26,10.5,92
634,42,12,46,5.83,9.42,9.28,46
635,30,16,54,5.12,2.69,11.69,60
636,56,8,36,5.38,3.48,42.75,104
637,48,10,42,5.33,16.64,37.16,232
638,56,10,34,5.4,17.92,4.04,52
639,56,8,36,5.3,9.82,8.38,31
640,42,18,40,5.25,16.86,10.88,71
641,50,22,28,6.72,18.54,12.11,128
642,48,26,26,7.09,16.03,9.84,162
643,40,14,46,5.27,6.56,21.79,96
644,38,30,32,6.58,8.41,2.58,166
645,48,20,32,5.4,7,5.71,90
646,42,28,30,5.92,23.25,4.67,112
647,40,32,28,6.79,20.47,11.33,137
648,32,44,24,7.06,9.73,14.1,183
649,32,30,38,7.43,11.93,3.77,121
650,20,44,36,7.51,13.03,3.95,118
651,32,36,32,4.89,23.12,8.77,148
652,44,24,32,4.49,24,15.35,107
653,32,30,38,6.2,17.52,5.08,137
654,30,40,30,4.95,41.74,15.98,253
655,20,54,26,6.02,13.83,7.06,485
656,22,52,26,5.49,13.17,18.76,363
657,32,36,32,4.91,17.74,12.31,159
658,28,50,22,7.25,18.89,8.8,455
659,44,26,30,5.92,21.4,24.85,154
660,38,34,28,5.3,63.4,14.65,374
661,54,22,24,6.98,15.94,17.44,142
662,64,18,18,6.78,10.22,14.59,200
663,30,42,28,5.12,26.9,13.81,315
664,38,34,28,4.93,20.12,10.34,166
665,44,28,28,4.67,16.16,7.41,95
666,68,10,22,7.87,5.55,3.63,73
667,54,22,24,7.46,5.9,10.41,258
668,36,34,30,4.55,8.98,5.07,417
669,44,14,42,5.07,13.83,9.57,231
670,48,26,26,4.76,8.06,11.1,149
671,48,20,32,4.98,5.55,8.46,101
672,36,22,42,6.76,8.37,25.45,142
673,30,24,46,6.5,6.6,8.89,169
674,42,18,40,5.22,8.01,7.92,128
675,32,16,52,5.15,13.69,11.19,120
676,34,30,36,6.07,25.01,6.16,175
677,38,22,40,5.23,5.81,5.96,154
678,56,10,34,5.85,4.84,41.34,106
679,38,24,38,6.12,19.55,23.68,171
680,38,24,38,5.28,11.32,40.94,267
681,26,34,40,5.4,13.12,5.36,463
682,40,22,38,7.25,11.76,15.98,195
683,38,22,40,6.77,9.11,27.69,241
684,56,18,26,6,16.56,34.11,312
685,30,24,46,5.63,16.25,9.32,201
686,34,24,42,5.84,18.27,9.39,167
687,36,32,32,7.26,13.03,53.75,772
688,30,36,34,7.51,8.94,5.36,403
689,54,18,28,5,14.05,4.25,152
690,56,16,28,5.08,16.47,10.52,235
691,42,20,38,6.16,8.98,4.99,165
692,70,8,22,5.8,6.43,14.55,202
693,66,10,24,4.99,12.59,2.57,107
694,48,20,32,5.1,3.61,13.11,173
695,34,30,36,5.8,5.46,29.79,179
696,36,36,28,5.92,18.76,20.22,256
697,20,54,26,4.77,6.25,13.25,319
698,24,46,30,5.03,24.7,11.06,277
699,22,50,28,6.43,12.81,14.13,392
700,66,10,24,6.21,13.08,24.49,378
701,34,44,22,5.07,14.18,21.45,458
702,28,48,24,6.95,10.3,10.45,273
703,30,46,24,6.95,10.22,9.89,259
704,32,36,32,7.6,18.8,44.84,791
705,22,32,46,7.58,15.9,5.18,375
706,26,40,34,7.52,3.96,4.04,380
707,38,34,28,7.65,23.64,79.83,1509
708,42,28,30,7.58,28,32.14,704
709,36,36,28,7.65,40.51,10.5,395
710,30,40,30,7.75,25.41,4.68,390
711,66,16,18,5.5,47.6,13.22,181
712,50,20,30,7.63,7.44,11.62,307
713,32,32,36,4.93,16.91,5.54,203
714,20,38,42,7.57,24,2.77,336
715,20,40,40,7.72,24.7,4.1,466
716,28,48,24,7.67,11.84,3.29,436
717,40,22,38,7.8,12.06,3.28,197
718,36,22,42,7.89,4.71,3.86,190
719,38,28,34,7.79,17.44,5.08,223
720,24,44,32,7.75,9.55,2.7,338
721,26,46,28,7,9.33,6.64,347
722,40,32,28,7.7,11.01,4.14,279
723,38,24,38,7.79,7.66,2.1,242
724,40,24,36,7.74,13.87,2.06,221
725,52,20,28,7.83,5.42,1.5,170
726,24,56,20,6.76,19.86,16.2,205
727,62,12,26,7.75,31.66,7.25,137
728,36,38,26,5.02,9.16,13.44,189
729,32,46,22,5.94,26.42,20,330
730,38,34,28,7.64,9.77,5.59,364
731,26,42,32,7.64,8.89,8.72,438
732,22,50,28,7.38,10.96,19.87,692
733,28,36,36,7.66,20.56,11.6,443
734,54,18,28,5.74,21.22,12.63,182
735,44,14,42,6.26,15.28,27.33,260
736,50,14,36,6.02,12.02,15.05,140
737,48,14,38,5.64,16.2,22.42,226
738,48,12,40,5.57,6.6,6.76,166
739,58,8,34,5.93,6.96,6.54,134
740,20,48,32,7.48,45.44,14.03,335
741,42,38,20,7.24,16.82,8.86,327
742,18,54,28,6.92,42.23,18.46,753
743,22,50,28,6.03,17.13,7.55,292
744,44,22,34,5.93,25.49,5.61,278
745,42,34,24,5.14,24.7,12.77,435
746,36,32,32,7.66,16.38,10.85,386
747,22,48,30,7.62,4.93,6.09,362
748,24,52,24,7.64,9.51,9.07,439
749,36,36,28,7.8,5.59,7.25,285
750,22,56,22,7.15,8.32,13.64,500
751,36,32,32,7.74,8.63,20.61,532
752,40,40,20,7.34,9.38,45.07,764
753,38,38,24,7.61,8.23,28.6,513
754,40,28,32,7.8,3.74,4.63,389
755,50,20,30,7.82,8.32,20.88,419
756,24,36,40,7.65,8.94,6.28,313
757,24,18,58,7.88,13.21,5.36,204
758,16,38,46,7.7,15.19,6.26,383
759,26,26,48,7.68,53.54,38.43,1211
760,26,44,30,7.46,7.93,17.13,398
761,24,40,36,7.58,24.22,22.38,849
762,18,36,46,7.45,120.64,35.09,967
763,20,26,54,7.64,33.33,38.69,863
764,30,36,34,6.08,16.51,8.7,414
765,22,44,34,6.72,5.11,60.72,655
766,36,34,30,5.73,9.11,4.53,279
767,30,36,34,7.15,3.17,6.27,332
768,24,44,32,7.05,7.57,5.78,378
769,36,36,28,7.3,6.74,5.12,381
770,34,36,30,7.32,7.22,6.31,417
771,30,38,32,7.73,5.33,5.3,437
772,36,38,26,7.87,6.3,9.11,522
773,38,38,24,7.71,9.07,5,360
774,28,36,36,7.79,6.52,8.55,335
775,28,38,34,7.75,3.52,4.86,367
776,44,34,22,7.72,4.32,5.21,452
777,26,46,28,6.72,7.66,20.67,395
778,40,28,32,7.79,5.2,4.14,286
779,34,28,38,7.63,17.13,6.9,582
780,16,38,46,7.73,3.92,7.93,335
781,20,34,46,7.8,10.35,3.68,622
